label,initial_x1,initial_x2,target_x1,target_x2,terminal_x1,terminal_x2,initial_target_distance,terminal_error,terminal_objective,minimum_energy_control_energy,energy_per_distance
saddle_to_lower_basin,3.5,4.0,4.0,2.0,3.9999999984897507,2.0000000019656126,2.0615528128088303,2.478807287104828e-09,5.999557644072161,1.5626767908984254,0.7580095844206411
saddle_to_upper_left_basin,3.5,4.0,1.0,6.0,0.9999993901221419,6.00000080706898,3.2015621187164243,1.0115885229252764e-06,7.999998273236026,3.852638484127155,1.203362090525909
right_steep_region_to_upper_left_basin,6.5,8.0,1.0,6.0,0.9999999966630359,6.00000000367846,5.852349955359813,4.966527881782507e-09,7.999998273224785,4.441714672724093,0.758962588806945
upper_left_basin_to_right_basin,1.0,6.0,4.0,2.0,4.000021055581239,1.9999715636249038,5.0,3.5383116453220456e-05,5.999557659819688,5.519698548748006,1.1039397097496013
original_case,2.0,6.0,4.5,1.5,4.500004259714853,1.4999943213052573,5.1478150704935,7.098784727537506e-06,6.24987821097766,5.668345795260062,1.1011168267776683
upper_left_basin_to_lower_basin,1.0,6.0,0.5,0.0,0.5000219945492628,0.0001326425861068096,6.020797289396148,0.00013445376843500848,2.125010761483557,6.253619628702153,1.0386696857766748
lower_basin_to_upper_left_basin,0.5,0.0,1.0,6.0,0.9999991412359607,5.9999950764313414,6.020797289396148,4.997899960057092e-06,7.9999982731980985,7.912633017467281,1.3142168116842337
right_steep_region_to_lower_basin,6.5,8.0,0.5,0.0,0.4999932442326312,1.0117535723568949e-05,10.0,1.2165727346077521e-05,2.124996377470501,9.6992450045702,0.96992450045702
lower_basin_to_right_steep_region,0.5,0.0,6.5,8.0,6.500054162474196,7.999918887998918,10.0,9.753322680290547e-05,25.061986938502415,13.631667317889928,1.3631667317889928
