softmin_sharpness,method,terminal_state_x1,terminal_state_x2,terminal_error,terminal_objective,control_energy
0.5,Uncontrolled dynamics,1.496167706795833,5.9626145250809675,5.379399301516837,8.096797102288459,0.0
0.5,Minimum-energy synthesis,4.499999415522072,1.5000008610990796,1.040723821927013e-06,6.1902588515726364,5.623258493112411
0.5,Approximate minimum-energy synthesis,4.5000000370139945,1.499999938468441,7.180646586108081e-08,6.190259643077034,6.129636143121826
0.5,Feedback linearization,4.50000000000002,1.4999999999999662,3.9451521719713886e-14,6.190259593028991,5.624095506988642
0.5,Gradient descent,1.0150388486962976,5.964438672162605,5.66358251317989,7.9850182386391095,
0.5,Momentum gradient descent,1.015409031242377,5.96474691399354,5.663597728084334,7.985018352170427,
0.5,Stochastic gradient descent,1.0613548835751208,5.951936352854167,5.625301549835096,7.986116249931142,
0.75,Uncontrolled dynamics,1.4752550026129605,5.995947064257765,5.418728845755796,8.111367470587389,0.0
0.75,Minimum-energy synthesis,4.4999993141179315,1.5000009269877834,1.1531437735466633e-06,6.243018972976543,5.644150364850559
0.75,Approximate minimum-energy synthesis,4.496119986499043,1.5063905779870568,0.0074762284459656495,6.237898071873264,6.491473939651926
0.75,Feedback linearization,4.500000000000021,1.4999999999999654,4.0672365535440174e-14,6.243019784062267,5.645197117874971
0.75,Gradient descent,1.00106453592879,5.99795418663859,5.6986087115044874,7.999377578221471,
0.75,Momentum gradient descent,1.0016401191139417,5.997974474575439,5.698271337004347,7.999377743906219,
0.75,Stochastic gradient descent,1.0463694661746186,5.987023856883257,5.662238687693277,8.00045873771824,
1.0,Uncontrolled dynamics,1.4727282465652625,5.999510281103917,5.423095706227549,8.111619856595656,0.0
1.0,Minimum-energy synthesis,4.499999860187731,1.5000001798796763,2.278248638428576e-07,6.249088358302411,5.6586277949934995
1.0,Approximate minimum-energy synthesis,4.056850151188036,2.1023451582235113,0.7477977521612199,6.0052448065156,6.006961656738074
1.0,Feedback linearization,4.5000000000000195,1.4999999999999651,3.996371111929565e-14,6.249088518330149,5.659846352239725
1.0,Gradient descent,1.0000793354037105,5.999867395572359,5.700723746701229,7.999968725487801,
1.0,Momentum gradient descent,1.0006691209938965,5.999869234859104,5.7003631227841165,7.999968899602116,
1.0,Stochastic gradient descent,1.045287327649127,5.989076291074237,5.664525187126149,8.001048379992609,
1.25,Uncontrolled dynamics,1.4724125644836454,5.999938372344802,5.423627110578094,8.11157735885979,0.0
1.25,Minimum-energy synthesis,4.500000002593442,1.5000000057298013,6.289400913969318e-09,6.249873239282793,5.6683366138544695
1.25,Approximate minimum-energy synthesis,5.704023472439975,-0.10564886146397576,2.0069331798809293,9.668709507608627,8.678917053218255
1.25,Feedback linearization,4.500000000000021,1.4999999999999647,4.1241161664811015e-14,6.249873240847541,5.669692514545007
1.25,Gradient descent,1.000006213624264,5.999991037832228,5.700866236392425,7.999998273167715,
1.25,Momentum gradient descent,1.0005972948033346,5.999991232275412,5.700503520189539,7.99999844808442,
1.25,Stochastic gradient descent,1.0452046588554171,5.9892132672522065,5.664684157838594,8.001077777823369,
1.5,Uncontrolled dynamics,1.4723724833975569,5.9999920816643,5.423694046895499,8.111567072043872,0.0
1.5,Minimum-energy synthesis,4.500008472937377,1.499988698620618,1.4124866148958358e-05,6.249991530187577,5.675208951199964
1.5,Approximate minimum-energy synthesis,5.710219353425382,-0.11369990824663995,2.017091539142575,9.696287137441084,8.70121977950795
1.5,Feedback linearization,4.500000000000021,1.4999999999999656,4.048342666330542e-14,6.249981642618622,5.676654558311011
1.5,Gradient descent,1.000000818921588,5.999999378815708,5.700876132393276,7.999999898871695,
1.5,Momentum gradient descent,1.0005920337440286,5.999999400103961,5.700513197531584,8.00000007387096,
1.5,Stochastic gradient descent,1.0451983729069252,5.989222832256471,5.664695571715904,8.001079389244433,
1.75,Uncontrolled dynamics,1.4723673267428437,5.999998967220919,5.42370263834252,8.111565374188046,0.0
1.75,Minimum-energy synthesis,4.500005145148434,1.4999931401242192,8.574989687428741e-06,6.250003268235437,5.680273246863674
1.75,Approximate minimum-energy synthesis,5.707769872693746,-0.11037421643323884,2.012961296781345,9.68507847243632,8.702278225582287
1.75,Feedback linearization,4.500000000000021,1.499999999999966,4.010656666373001e-14,6.249997265653763,5.681813245677956
1.75,Gradient descent,1.000000423688948,5.999999956231349,5.700876830826964,7.999999993838081,
1.75,Momentum gradient descent,1.0005916528612249,5.99999995866025,5.700513872272111,8.000000168846137,
1.75,Stochastic gradient descent,1.045197897857977,5.989223518115328,5.664696404977473,8.001079482902016,
2.0,Uncontrolled dynamics,1.4723666547841665,5.999999863540935,5.423703757113882,8.111565121821757,0.0
2.0,Minimum-energy synthesis,4.4999834024765955,1.500022130796498,2.766315124497491e-05,6.249980220440086,5.684124277503275
2.0,Approximate minimum-energy synthesis,5.705574992005128,-0.10743608438999441,2.0092938627157557,9.675136434873595,8.702348812591987
2.0,Feedback linearization,4.500000000000021,1.4999999999999645,4.14314051144892e-14,6.249999584235842,5.685781646219706
2.0,Gradient descent,1.000000394862011,5.9999999968833775,5.700876880613761,7.999999999614006,
2.0,Momentum gradient descent,1.0005916256480623,5.999999997174875,5.70051391938116,8.000000174623041,
2.0,Stochastic gradient descent,1.0451978620888231,5.989223568134557,5.664696466432283,8.001079488561352,
