radius_left,radius_right,radius_mid,mean_value,std_value,count
0.0,0.5892556509887896,0.2946278254943948,4.604816454279935,0.5838211570978679,8
0.5892556509887896,1.1785113019775793,0.8838834764831844,4.43094118161235,0.9798513303950963,14
1.1785113019775793,1.7677669529663689,1.473139127471974,4.00662060687648,1.6308808916229776,35
1.7677669529663689,2.3570226039551585,2.0623947784607637,4.4930335258519385,2.1293339953977632,41
2.3570226039551585,2.946278254943948,2.6516504294495533,4.818041935972624,2.451702099778547,56
2.946278254943948,3.5355339059327378,3.240906080438343,5.681740414228576,2.515586948721939,67
3.5355339059327378,4.124789556921527,3.8301617314271326,6.141164780513141,2.7784814624008742,81
4.124789556921527,4.714045207910317,4.419417382415922,7.037592660250323,2.974182647230632,100
4.714045207910317,5.303300858899107,5.008673033404712,7.774001694499362,3.326011488152228,103
5.303300858899107,5.892556509887896,5.597928684393501,8.036369593714271,4.335508946086992,60
5.892556509887896,6.481812160876686,6.187184335382291,8.666434016491479,4.932306280001625,37
6.481812160876686,7.0710678118654755,6.776439986371081,10.127589516097874,4.977126359869354,19
