D,sample_index,target_guess_x1,target_guess_x2,terminal_x1,terminal_x2,terminal_error,minimum_energy
0.05,0,0.006286511054669665,-0.006605243164565094,0.006288155071722192,-0.006595456918681827,9.9233764695673e-06,6.5511237432844185
0.05,1,0.032021132522164104,0.0052450058576519855,0.0320210205441482,0.0052444975320523005,5.205131999674315e-07,6.526895446290559
0.05,2,-0.02678346865805555,0.01807975274547424,-0.026780561744151665,0.01809776556528965,1.82458714822577e-05,6.534996538486978
0.05,3,0.06520000225650686,0.04735404815646211,0.06520215634486586,0.047367395062947695,1.3519615726539793e-05,6.463913669967852
0.05,4,-0.03518676179034963,-0.06327107355230263,-0.035184882401917465,-0.06326088514607617,1.0360295474280328e-05,6.6356100094848545
0.05,5,-0.03116372312686761,0.00206629896736218,-0.031162230250309415,0.0020750774421464126,8.904510090702151e-06,6.555854537147825
0.05,6,-0.11625153873194172,-0.010939583196627287,-0.11624849482222166,-0.010921538970398976,1.8299166280525084e-05,6.607335784909447
0.05,7,-0.06229554736265326,-0.03661336773517258,-0.06229274206324366,-0.03659690532306574,1.669972206813832e-05,6.614838741575027
0.05,8,-0.027212949142865497,-0.015815007818457728,-0.027212330315173762,-0.01581168047616465,3.384398683275303e-06,6.575571199718601
0.05,9,0.020581526818706643,0.05212566847213388,0.020584205251631543,0.05214149965212967,1.605615965890624e-05,6.475506622891434
0.1,0,-0.012853466294403426,0.1366463470549686,-0.012848438768211075,0.13667757712116096,3.163215221882787e-05,6.389310072125869
0.1,1,-0.06651946734866136,0.035151007009301974,-0.06651676771490828,0.03516753011608972,1.6742194608830573e-05,6.531304608312516
0.1,2,0.09034701816518087,0.009401229776087457,0.09034840186994325,0.009411096539472795,9.963315641476426e-06,6.499883140144213
0.1,3,-0.07434992493538084,-0.09217253762584195,-0.0743478811531851,-0.09216093769423175,1.177860174319506e-05,6.686425405589833
0.1,4,-0.045772582566733916,0.022019512347004944,-0.045768891987643084,0.02204392440252358,2.4689447719028908e-05,6.538141305090985
0.1,5,-0.10096181835387359,-0.020917557487171307,-0.10095874677492803,-0.020899363649056694,1.8451296500776127e-05,6.6125404593217505
0.1,6,-0.015922500991447774,0.05408455846858077,-0.015920749457412363,0.05409673422386115,1.2301092964650688e-05,6.487846406188277
0.1,7,0.02146591225063409,0.03553727090399214,0.021469089859657058,0.03555759450229729,2.0570509161709784e-05,6.494868158553863
0.1,8,-0.06538286094183395,-0.012961363369276946,-0.06537991711889093,-0.012943812517154618,1.7796024942093127e-05,6.5879267243388515
0.1,9,0.07839754700613295,0.14934311452207608,0.07840228833291701,0.1493730985308649,3.0356563750215667e-05,6.33812680887507
0.25,0,-0.31476638302603005,0.37848094368476565,-0.31474849433209234,0.3785944034601579,0.00011486133380234126,6.257841318053375
0.25,1,0.33646885594557613,0.19532785017510687,0.3364684985429749,0.19532666324215311,1.2395751111098292e-06,6.196877624808175
0.25,2,0.06611390758232588,-0.07848070363410695,0.06611304910326084,-0.0784855879304268,4.959166950734788e-06,6.614670906397185
0.25,3,0.36450517088423967,0.4900645791124912,0.36451217825834153,0.4901172479161128,5.3132910392084295e-05,5.845777229045649
0.25,4,0.45040871746653127,0.3287759411835925,0.4504085182702143,0.3287739775332212,1.973727932982549e-06,6.008256056547291
0.25,5,0.089345102664739,-0.3020796580705429,0.08934417324307989,-0.3020882693618373,8.661302579742412e-06,6.880474711497437
0.25,6,-0.0011135332800208072,0.16411873376908395,-0.001108351992231586,0.16415114028893732,3.281810890592918e-05,6.352330067496528
0.25,7,-0.3220903659373886,0.09878051504550206,-0.32208385350293617,0.09882052259746381,4.0534133967179535e-05,6.577295163739492
0.25,8,0.1074659237055575,0.17401068099071712,0.1074705027470065,0.17404036885972926,3.0038927861585853e-05,6.298156658450131
0.25,9,-0.29602949168929726,-0.16542564300975873,-0.2960291378037643,-0.16542472316678955,9.855689008960001e-07,6.87421444876408
0.5,0,-0.21821762357161062,-0.584900953886432,-0.21821750342999371,-0.5849044296854209,3.4778747273304476e-06,7.352862284096888
0.5,1,0.869683938565067,-0.24795536422107595,0.8696836570433665,-0.24795923013275556,3.876148550097185e-06,6.643432623824781
0.5,2,0.16448481473010104,-0.129286272736962,0.16448379218048878,-0.12928985832485246,3.728545055345642e-06,6.641935392800984
0.5,3,0.7917364394010611,0.6601804935409196,0.7917329701744172,0.6601603522705006,2.043786455565251e-05,5.557878902602637
0.5,4,0.3166763114124576,-1.1017549403233253,0.3166757927190067,-1.1017586532613821,3.748993452856927e-06,7.8492798404906265
0.5,5,0.026014487129943253,0.34184309538826724,0.02602506694782655,0.3419105300726275,6.825957223139245e-05,6.135882857405074
0.5,6,0.5019807879210848,-0.3089535223538004,0.5019790785973561,-0.30895583412658073,2.8750793027693553e-06,6.774573536138254
0.5,7,0.9110056816641616,-0.6602154850066467,0.9110050363410017,-0.6602147867058987,9.508238087978877e-07,7.174129162416184
0.5,8,-0.33076401090760954,0.46752499405701103,-0.33073926381051383,0.4676805754247881,0.00015753723627778065,6.169093739596134
0.5,9,0.024527306912655828,1.0011962918226276,0.024642982959777543,1.001923663449073,0.0007365123426225867,5.42534235103824
1.0,0,0.18851919251246557,-0.6331940901922267,0.18851860928495812,-0.6332027054827479,8.635009269842504e-06,7.267468371940039
1.0,1,-0.37756350523280824,-1.0911461176191954,-0.37756287345476597,-1.091139699972163,6.448669392052004e-06,8.06833830546595
1.0,2,-1.277680166386608,0.6304114907682319,-1.2776399647938976,0.6306543117412791,0.0002461263760916845,6.685862671023233
1.0,3,0.5811658124128057,1.294558819441117,0.5812566755000959,1.295236790054636,0.0006840323482315187,4.9282975279793515
1.0,4,-0.7546057912599311,1.689107452443673,-0.7537550857949736,1.6942451747725766,0.005207676114834944,5.33515765352373
1.0,5,-0.2873877078086663,1.5744082788445868,-0.2866967181211007,1.5786221062957078,0.004270106384639931,5.070739635122871
1.0,6,-0.4327858471825968,-0.735483292342275,-0.4327863309913364,-0.7354889432884619,5.671619143021994e-06,7.639304577696276
1.0,7,0.24978537155866684,1.0314530848694723,0.24988016937896032,1.0320744106471107,0.0006285159892082001,5.298432901078738
1.0,8,0.16100957671534466,-0.5855288241233366,0.1610096580233975,-0.5855343807769128,5.557248416694835e-06,7.214564085436221
1.0,9,-1.341219714076669,-1.401520214917428,-1.3412235142324989,-1.4015425962850212,2.2701691559768268e-05,8.998316549564901
2.0,0,1.0053656997497313,1.97942606657161,1.0052815999698603,1.979489714172442,0.0001054693797555506,4.233009265396541
2.0,1,-0.3285891852505814,-2.1487297164568693,-0.3285896136452377,-2.14873505022706,5.350946311669493e-06,9.470466867921862
2.0,2,1.7460843052434132,-2.5607878894291463,1.7460822798125781,-2.5607848014535226,3.692961348272221e-06,9.873395139574699
2.0,3,-1.4261361901185443,1.242035707080197,-1.4259305572176015,1.2432734809564503,0.0012547386415844132,6.297703785878614
2.0,4,-4.5002823471491835,0.7727391951326117,-4.500264447923155,0.7728466210919471,0.00010890692829915504,10.354601344709224
2.0,5,-1.1632816728190063,0.21855939495562776,-1.1632695000422986,0.2186342054842433,7.579440404485084e-05,6.999056251283483
2.0,6,-0.15140305244164623,0.40422879008791973,-0.15138166587907884,0.404367297233846,0.0001401485445200668,6.145358357770854
2.0,7,1.3883438734140163,-1.5167395017968184,1.3883379466434465,-1.5167310065479147,1.0358371654043413e-05,8.345382735403279
2.0,8,2.8419640446238326,1.45218757789553,2.842002996289778,1.4521304863140816,6.911353667853808e-05,5.067596965814852
2.0,9,1.687465324606536,2.3297279622220564,1.6876435663191722,2.3292625858856355,0.0004983424953021358,3.9562232257541883
